"col","year","sic87dd","g"
1,1990,2011,0.8241458
2,2000,2011,2.5431259
3,1990,2015,7.4638505
4,2000,2015,-1.3235142
5,1990,2021,0
6,2000,2021,0.032848556
7,1990,2022,0.006983016
8,2000,2022,-0.006514807
9,1990,2023,3.164869
10,2000,2023,3.0619419
11,1990,2024,6.564072e-06
12,2000,2024,0.5675061
13,1990,2026,0.03333335
14,2000,2026,0.014653989
15,1990,2032,0.17626399
16,2000,2032,0.30090335
17,1990,2033,3.7773993
18,2000,2033,14.189646
19,1990,2034,12.239573
20,2000,2034,6.679575
21,1990,2035,5.105936
22,2000,2035,-4.256443
23,1990,2037,9.390864
24,2000,2037,14.083416
25,1990,2041,-0.006609988
26,2000,2041,0.37874258
27,1990,2043,0.2379646
28,2000,2043,1.0391399
29,1990,2044,6.408163
30,2000,2044,6.9488974
31,1990,2045,0.14870335
32,2000,2045,2.431408
33,1990,2046,1.0727581
34,2000,2046,18.195288
35,1990,2047,1.8801161
36,2000,2047,6.4799256
37,1990,2048,0.4585339
38,2000,2048,1.8953255
39,1990,2051,0.16487345
40,2000,2051,0.72330415
41,1990,2062,-1.3114066
42,2000,2062,-0.40468794
43,1990,2064,0.88650286
44,2000,2064,1.2632047
45,1990,2066,0.07882539
46,2000,2066,2.653459
47,1990,2067,1.9239025
48,2000,2067,1.7976998
49,1990,2068,1.5958046
50,2000,2068,-0.25643095
51,1990,2074,-10.952879
52,2000,2074,1.669741
53,1990,2075,-24.90711
54,2000,2075,44.995895
55,1990,2076,-26.4406
56,2000,2076,35.63748
57,1990,2077,2.0757797
58,2000,2077,0.71383953
59,1990,2079,0.006369247
60,2000,2079,0.3431841
61,1990,2082,0.13846514
62,2000,2082,0.037072275
63,1990,2083,-0.58356345
64,2000,2083,0.33382648
65,1990,2084,1.2177975
66,2000,2084,-0.33598652
67,1990,2085,0.5171119
68,2000,2085,2.8792636
69,1990,2086,0.06483647
70,2000,2086,-0.20901468
71,1990,2087,0.3893217
72,2000,2087,1.6832522
73,1990,2091,106.478355
74,2000,2091,3.7449036
75,1990,2095,0.025917366
76,2000,2095,0.73377585
77,1990,2096,0.1255047
78,2000,2096,0.6006677
79,1990,2097,4.4786625e-06
80,2000,2097,0.0429793
81,1990,2098,1.8143156
82,2000,2098,6.401583
83,1990,2099,2.7076302
84,2000,2099,2.0067606
85,1990,2111,0.30974272
86,2000,2111,1.189007
87,1990,2121,0
88,2000,2121,0.0039627
89,1990,2131,1.3987923
90,2000,2131,-1.6033789
91,1990,2141,0
92,2000,2141,0
93,1990,2211,-0.98330534
94,2000,2211,-0.07045099
95,1990,2221,-0.63367414
96,2000,2221,3.449959
97,1990,2231,2.749489
98,2000,2231,4.656399
99,1990,2241,0.8928605
100,2000,2241,6.942847
101,1990,2252,5.0372705
102,2000,2252,12.412191
103,1990,2253,2.3647122
104,2000,2253,-8.308376
105,1990,2257,-0.03636285
106,2000,2257,3.541427
107,1990,2258,0.1867516
108,2000,2258,0.07545054
109,1990,2273,-2.1429932
110,2000,2273,7.282183
111,1990,2281,0.90982777
112,2000,2281,1.1966711
113,1990,2284,1.6184981
114,2000,2284,1.231023
115,1990,2295,2.5685759
116,2000,2295,13.860596
117,1990,2296,0.02894403
118,2000,2296,2.4711683
119,1990,2297,0.6174233
120,2000,2297,5.504069
121,1990,2298,5.552872
122,2000,2298,12.538926
123,1990,2299,2.3785238
124,2000,2299,9.166419
125,1990,2311,11.085409
126,2000,2311,10.663723
127,1990,2321,13.783094
128,2000,2321,24.30443
129,1990,2322,33.809875
130,2000,2322,31.755428
131,1990,2323,7.63639
132,2000,2323,9.165321
133,1990,2325,6.9649425
134,2000,2325,10.702814
135,1990,2329,12.899506
136,2000,2329,18.638105
137,1990,2331,12.693369
138,2000,2331,22.215406
139,1990,2335,2.5082374
140,2000,2335,12.901068
141,1990,2337,27.650644
142,2000,2337,54.319523
143,1990,2339,9.43604
144,2000,2339,16.763083
145,1990,2341,6.4038744
146,2000,2341,10.486751
147,1990,2342,26.638273
148,2000,2342,31.100937
149,1990,2353,13.61034
150,2000,2353,15.297424
151,1990,2369,67.708176
152,2000,2369,92.26768
153,1990,2371,30.272398
154,2000,2371,-0.25931138
155,1990,2381,9.994727
156,2000,2381,20.536247
157,1990,2384,1.3507175
158,2000,2384,3.3620474
159,1990,2385,74.77065
160,2000,2385,179.44333
161,1990,2386,73.1841
162,2000,2386,-51.08277
163,1990,2389,3.1627343
164,2000,2389,18.510696
165,1990,2391,2.4184813
166,2000,2391,14.127326
167,1990,2392,26.61676
168,2000,2392,33.062107
169,1990,2393,5.6982975
170,2000,2393,16.52336
171,1990,2394,4.927944
172,2000,2394,8.743798
173,1990,2395,-2.155297
174,2000,2395,2.707422
175,1990,2396,0.1398634
176,2000,2396,0.1770305
177,1990,2399,12.504299
178,2000,2399,19.627827
179,1990,2411,-0.06729539
180,2000,2411,-1.5396731
181,1990,2421,0.9954766
182,2000,2421,-0.9264386
183,1990,2426,1.8286847
184,2000,2426,4.5417504
185,1990,2429,0.014913191
186,2000,2429,0.19317266
187,1990,2431,1.2089461
188,2000,2431,3.0528753
189,1990,2434,0.123382494
190,2000,2434,0.69234055
191,1990,2435,2.3584993
192,2000,2435,14.919448
193,1990,2436,1.2198164
194,2000,2436,10.52696
195,1990,2439,1.070571
196,2000,2439,6.467791
197,1990,2448,0.055252947
198,2000,2448,0.050288934
199,1990,2449,0.22111788
200,2000,2449,0.7411654
201,1990,2451,0.00011248185
202,2000,2451,0.057986256
203,1990,2452,0.05592727
204,2000,2452,1.6364671
205,1990,2491,0.025330458
206,2000,2491,-0.01606219
207,1990,2493,-0.013749805
208,2000,2493,3.2059274
209,1990,2499,12.624476
210,2000,2499,17.399773
211,1990,2514,3.4291685
212,2000,2514,17.850351
213,1990,2515,1.2123996
214,2000,2515,10.276637
215,1990,2517,0.032822896
216,2000,2517,0.22504732
217,1990,2522,0.379705
218,2000,2522,0.59720576
219,1990,2542,2.746164
220,2000,2542,7.413191
221,1990,2591,0.5368607
222,2000,2591,5.2433515
223,1990,2599,2.7924464
224,2000,2599,15.908532
225,1990,2611,0.059293497
226,2000,2611,1.5986812
227,1990,2621,0.5507452
228,2000,2621,2.2705493
229,1990,2652,0.6519325
230,2000,2652,4.6518297
231,1990,2653,0.11450569
232,2000,2653,0.58316755
233,1990,2655,0.05421376
234,2000,2655,-0.008792074
235,1990,2656,0.16379772
236,2000,2656,4.6050744
237,1990,2657,0.27982667
238,2000,2657,1.8974789
239,1990,2672,0.9279395
240,2000,2672,4.4332595
241,1990,2673,10.0477085
242,2000,2673,26.337637
243,1990,2674,0.55555546
244,2000,2674,1.7065638
245,1990,2675,2.253342
246,2000,2675,2.538056
247,1990,2676,0.42399594
248,2000,2676,3.9045768
249,1990,2677,-0.057997894
250,2000,2677,0.80572546
251,1990,2678,0.14094418
252,2000,2678,0.8736497
253,1990,2679,0.2378833
254,2000,2679,4.6399407
255,1990,2711,6.4906264e-05
256,2000,2711,0.00010839624
257,1990,2721,0.017174538
258,2000,2721,0.021858858
259,1990,2731,0.44667712
260,2000,2731,3.0580287
261,1990,2741,0.08920014
262,2000,2741,0.19680084
263,1990,2752,0.08849355
264,2000,2752,0.4334928
265,1990,2761,0.008325044
266,2000,2761,0.07000322
267,1990,2771,0.42615253
268,2000,2771,2.0263844
269,1990,2782,1.2821263
270,2000,2782,2.6875122
271,1990,2796,0.008735285
272,2000,2796,0.010846635
273,1990,2812,1.3913326
274,2000,2812,4.42451
275,1990,2813,-0.08490996
276,2000,2813,0.01250898
277,1990,2816,4.5973263
278,2000,2816,17.993502
279,1990,2819,5.570899
280,2000,2819,33.86726
281,1990,2821,0.62933046
282,2000,2821,10.666093
283,1990,2822,0.63657445
284,2000,2822,4.9569902
285,1990,2823,0.032581788
286,2000,2823,6.3962207
287,1990,2824,0.33363974
288,2000,2824,3.9159522
289,1990,2833,8.171021
290,2000,2833,75.658585
291,1990,2834,0.60091
292,2000,2834,0.74623317
293,1990,2835,0.24728511
294,2000,2835,1.8639722
295,1990,2836,0.49679485
296,2000,2836,0.4450381
297,1990,2841,0.7583027
298,2000,2841,6.2578197
299,1990,2842,0.13538788
300,2000,2842,0.72424734
301,1990,2843,0.68981636
302,2000,2843,2.6931286
303,1990,2844,0.64713746
304,2000,2844,5.56173
305,1990,2851,0.12652805
306,2000,2851,0.97502273
307,1990,2861,13.595605
308,2000,2861,61.823296
309,1990,2865,5.985432
310,2000,2865,34.503254
311,1990,2869,2.9913025
312,2000,2869,27.79488
313,1990,2873,0.421258
314,2000,2873,14.652768
315,1990,2874,0.7902367
316,2000,2874,17.01137
317,1990,2879,2.0505404
318,2000,2879,13.317442
319,1990,2891,0.5915019
320,2000,2891,2.435183
321,1990,2892,0.109349295
322,2000,2892,1.2418272
323,1990,2893,1.0009255
324,2000,2893,5.4340935
325,1990,2895,0.14081809
326,2000,2895,7.1835246
327,1990,2899,0.974914
328,2000,2899,4.5625267
329,1990,2911,0.86602706
330,2000,2911,10.847891
331,1990,2951,0.0020800414
332,2000,2951,-0.0016417544
333,1990,2952,0.00039404703
334,2000,2952,0.028453512
335,1990,2992,0
336,2000,2992,0.12509756
337,1990,2999,7.790616
338,2000,2999,39.91668
339,1990,3011,1.1089888
340,2000,3011,14.565695
341,1990,3021,58.417233
342,2000,3021,153.5181
343,1990,3052,0.99114805
344,2000,3052,9.895853
345,1990,3053,1.9079031
346,2000,3053,8.053641
347,1990,3069,1.8665496
348,2000,3069,5.9141245
349,1990,3081,0.45492968
350,2000,3081,5.702264
351,1990,3082,0.21013655
352,2000,3082,0.68406254
353,1990,3083,0.39051527
354,2000,3083,0.16226742
355,1990,3084,0.006284479
356,2000,3084,0.87945485
357,1990,3085,0.3775224
358,2000,3085,3.1794758
359,1990,3088,1.0839012
360,2000,3088,18.337658
361,1990,3089,4.008359
362,2000,3089,5.957555
363,1990,3111,0.75056493
364,2000,3111,4.5045047
365,1990,3131,12.409638
366,2000,3131,20.526503
367,1990,3142,0.9529219
368,2000,3142,3.0696256
369,1990,3143,4.3663044
370,2000,3143,14.997659
371,1990,3144,10.872379
372,2000,3144,47.352745
373,1990,3149,15.27856
374,2000,3149,74.05131
375,1990,3151,-8.958446
376,2000,3151,31.943995
377,1990,3161,78.05528
378,2000,3161,194.43329
379,1990,3171,6.83635
380,2000,3171,106.36501
381,1990,3172,20.916498
382,2000,3172,57.15473
383,1990,3199,3.4532323
384,2000,3199,20.845375
385,1990,3211,0.4587383
386,2000,3211,11.577229
387,1990,3221,0.49510467
388,2000,3221,1.5449095
389,1990,3229,2.7678628
390,2000,3229,19.39973
391,1990,3231,2.2327027
392,2000,3231,11.179891
393,1990,3241,0.30354816
394,2000,3241,38.2616
395,1990,3251,0.070569284
396,2000,3251,0.4268616
397,1990,3253,1.9078933
398,2000,3253,43.028534
399,1990,3255,0.78178144
400,2000,3255,7.5387626
401,1990,3259,0.02040277
402,2000,3259,0.26637554
403,1990,3261,3.0310113
404,2000,3261,12.854153
405,1990,3262,4.8568735
406,2000,3262,68.83889
407,1990,3263,4.4532003
408,2000,3263,19.745682
409,1990,3264,2.9963923
410,2000,3264,14.452581
411,1990,3269,20.19038
412,2000,3269,16.225382
413,1990,3271,0.01632684
414,2000,3271,0.5309246
415,1990,3272,0.16235034
416,2000,3272,0.87919587
417,1990,3273,0
418,2000,3273,4.184331e-05
419,1990,3274,0.2625642
420,2000,3274,0.4168822
421,1990,3275,0.006085265
422,2000,3275,0.15921211
423,1990,3281,60.14233
424,2000,3281,37.91079
425,1990,3291,3.556309
426,2000,3291,16.599546
427,1990,3292,0.1503834
428,2000,3292,1.5536337
429,1990,3295,3.1423726
430,2000,3295,16.008902
431,1990,3296,0.42290026
432,2000,3296,1.762765
433,1990,3297,4.653023
434,2000,3297,18.579334
435,1990,3299,1.6731049
436,2000,3299,2.0893245
437,1990,3312,0.53847265
438,2000,3312,24.431479
439,1990,3313,8.338866
440,2000,3313,229.14069
441,1990,3315,1.1571132
442,2000,3315,13.925567
443,1990,3321,0.47986037
444,2000,3321,3.2340705
445,1990,3331,-0.80319506
446,2000,3331,0.3081395
447,1990,3334,4.8637514
448,2000,3334,32.838524
449,1990,3339,34.913067
450,2000,3339,91.2426
451,1990,3341,-0.33408085
452,2000,3341,4.682741
453,1990,3351,0.10561667
454,2000,3351,15.68439
455,1990,3353,0.80363554
456,2000,3353,6.597371
457,1990,3354,2.3138952
458,2000,3354,12.689512
459,1990,3356,4.7309384
460,2000,3356,31.479645
461,1990,3357,12.891205
462,2000,3357,28.720137
463,1990,3365,0.13282411
464,2000,3365,0.33856535
465,1990,3399,1.5435127
466,2000,3399,10.784625
467,1990,3411,0.0031486142
468,2000,3411,0.40285873
469,1990,3412,0.9758221
470,2000,3412,7.931274
471,1990,3421,18.880623
472,2000,3421,41.575596
473,1990,3423,2.307526
474,2000,3423,11.80231
475,1990,3425,2.4947267
476,2000,3425,13.889102
477,1990,3429,2.6422362
478,2000,3429,17.19675
479,1990,3431,1.9953791
480,2000,3431,24.39071
481,1990,3432,0.18505009
482,2000,3432,0.9877794
483,1990,3433,0.5102612
484,2000,3433,3.67116
485,1990,3441,0.3100437
486,2000,3441,6.0318093
487,1990,3442,0.44565445
488,2000,3442,9.650263
489,1990,3443,0.99001706
490,2000,3443,3.5865192
491,1990,3444,0.03275344
492,2000,3444,0.48332575
493,1990,3446,0.098438546
494,2000,3446,1.4420521
495,1990,3448,0.03631542
496,2000,3448,0.9921191
497,1990,3449,2.592286
498,2000,3449,31.206764
499,1990,3452,2.1935735
500,2000,3452,19.286802
501,1990,3462,0.10451601
502,2000,3462,0.58777165
503,1990,3465,0.006086287
504,2000,3465,0.08472459
505,1990,3466,0.35822293
506,2000,3466,3.4535623
507,1990,3469,0.22432046
508,2000,3469,2.7228944
509,1990,3482,-0.03172953
510,2000,3482,0.06797601
511,1990,3484,-0.018804038
512,2000,3484,1.0666462
513,1990,3489,-0.007424499
514,2000,3489,-0.0015714461
515,1990,3491,0.377634
516,2000,3491,6.06787
517,1990,3492,1.2520714
518,2000,3492,11.84481
519,1990,3493,0.39358285
520,2000,3493,6.5450196
521,1990,3494,3.0075488
522,2000,3494,47.676395
523,1990,3496,2.2840033
524,2000,3496,10.634143
525,1990,3497,1.8752244
526,2000,3497,15.244038
527,1990,3499,3.330337
528,2000,3499,10.599034
529,1990,3511,0.19303395
530,2000,3511,6.1678524
531,1990,3519,0.23094694
532,2000,3519,4.966996
533,1990,3523,0.30686185
534,2000,3523,3.769191
535,1990,3524,0.6650679
536,2000,3524,3.1928844
537,1990,3531,0.47826242
538,2000,3531,14.840792
539,1990,3532,0.27278802
540,2000,3532,7.5560217
541,1990,3533,0.012449077
542,2000,3533,0.78529775
543,1990,3534,1.869577
544,2000,3534,27.322454
545,1990,3535,0.2760711
546,2000,3535,2.9442685
547,1990,3536,0.47788998
548,2000,3536,24.722412
549,1990,3537,1.6754957
550,2000,3537,16.263
551,1990,3541,1.1868035
552,2000,3541,10.04918
553,1990,3542,0.4300109
554,2000,3542,9.795589
555,1990,3543,0.035735752
556,2000,3543,0.2457866
557,1990,3544,0.6925498
558,2000,3544,5.120179
559,1990,3545,0.6913452
560,2000,3545,2.4203894
561,1990,3546,9.651062
562,2000,3546,62.087673
563,1990,3547,0.2658761
564,2000,3547,7.403046
565,1990,3548,0.6130288
566,2000,3548,10.1247635
567,1990,3549,0.045737892
568,2000,3549,0.7347997
569,1990,3552,0.6258543
570,2000,3552,42.129353
571,1990,3553,5.4049063
572,2000,3553,14.875465
573,1990,3554,0.53514844
574,2000,3554,4.9625425
575,1990,3555,0.55241805
576,2000,3555,407.72537
577,1990,3556,0.38342127
578,2000,3556,3.6625917
579,1990,3559,0.7859031
580,2000,3559,7.8065696
581,1990,3561,1.1447383
582,2000,3561,10.0619
583,1990,3562,3.1819446
584,2000,3562,10.295083
585,1990,3563,1.6932282
586,2000,3563,20.04446
587,1990,3564,6.683453
588,2000,3564,23.339602
589,1990,3565,0.9741288
590,2000,3565,2.5174925
591,1990,3566,1.8284149
592,2000,3566,12.3781395
593,1990,3567,0.76355433
594,2000,3567,3.6930137
595,1990,3568,1.1097827
596,2000,3568,7.933419
597,1990,3569,2.5054169
598,2000,3569,18.233084
599,1990,3571,5.1183677
600,2000,3571,189.11668
601,1990,3572,16.788021
602,2000,3572,44.32869
603,1990,3577,32.201588
604,2000,3577,35.46451
605,1990,3578,16.569319
606,2000,3578,30.674746
607,1990,3579,3.1596916
608,2000,3579,12.423017
609,1990,3581,0.914287
610,2000,3581,10.156535
611,1990,3582,2.9921207
612,2000,3582,56.87538
613,1990,3585,2.5944974
614,2000,3585,22.313961
615,1990,3586,0.0391152
616,2000,3586,0.5466865
617,1990,3589,0.08315685
618,2000,3589,1.1670495
619,1990,3593,0.9865199
620,2000,3593,8.500457
621,1990,3594,0.5396297
622,2000,3594,4.3523383
623,1990,3596,10.849082
624,2000,3596,34.430527
625,1990,3599,0.21034236
626,2000,3599,1.4258257
627,1990,3612,1.7902079
628,2000,3612,8.905449
629,1990,3613,1.3880455
630,2000,3613,4.762073
631,1990,3621,8.029043
632,2000,3621,11.798348
633,1990,3624,2.2256112
634,2000,3624,23.230522
635,1990,3625,3.2025301
636,2000,3625,14.0096655
637,1990,3629,0.3138213
638,2000,3629,0.23308313
639,1990,3631,9.404409
640,2000,3631,47.841
641,1990,3632,2.7246695
642,2000,3632,29.660252
643,1990,3633,1.9623685
644,2000,3633,30.056925
645,1990,3634,17.33838
646,2000,3634,98.23599
647,1990,3635,18.38058
648,2000,3635,67.96991
649,1990,3639,7.9041204
650,2000,3639,45.722717
651,1990,3641,4.7378035
652,2000,3641,28.808321
653,1990,3643,8.712928
654,2000,3643,17.773375
655,1990,3644,4.3061466
656,2000,3644,15.654559
657,1990,3647,2.217182
658,2000,3647,9.868461
659,1990,3648,12.071392
660,2000,3648,34.862247
661,1990,3651,43.7849
662,2000,3651,218.21565
663,1990,3652,1.8522338
664,2000,3652,15.273448
665,1990,3661,4.573102
666,2000,3661,94.57713
667,1990,3663,9.422139
668,2000,3663,92.01127
669,1990,3669,2.6478722
670,2000,3669,16.474916
671,1990,3671,1.0789486
672,2000,3671,-1.5713025
673,1990,3672,16.314795
674,2000,3672,29.275782
675,1990,3674,5.194961
676,2000,3674,41.88099
677,1990,3675,5.2749205
678,2000,3675,8.223425
679,1990,3676,4.607271
680,2000,3676,14.217295
681,1990,3677,21.421038
682,2000,3677,19.397131
683,1990,3678,7.008167
684,2000,3678,15.825946
685,1990,3679,35.130993
686,2000,3679,34.67593
687,1990,3691,9.128161
688,2000,3691,46.342983
689,1990,3692,5.4897914
690,2000,3692,22.28717
691,1990,3694,6.594464
692,2000,3694,22.567558
693,1990,3695,6.505651
694,2000,3695,23.102879
695,1990,3699,12.553332
696,2000,3699,15.592074
697,1990,3711,0.016192088
698,2000,3711,1.5262759
699,1990,3713,0.04687287
700,2000,3713,0.023316769
701,1990,3714,0.92195344
702,2000,3714,8.493567
703,1990,3715,0.02010396
704,2000,3715,1.2544124
705,1990,3721,-0.0045502484
706,2000,3721,0.0098505635
707,1990,3724,1.6728829
708,2000,3724,-1.6795875
709,1990,3728,0.029500771
710,2000,3728,0.1572687
711,1990,3731,1.0322655
712,2000,3731,8.396166
713,1990,3732,0.038512822
714,2000,3732,0.714822
715,1990,3743,0.121148415
716,2000,3743,4.170238
717,1990,3751,22.336073
718,2000,3751,133.07639
719,1990,3761,0
720,2000,3761,0
721,1990,3764,0.00010121593
722,2000,3764,0.00042716484
723,1990,3792,13.236315
724,2000,3792,-5.131515
725,1990,3795,-0.00043509732
726,2000,3795,0.0037598447
727,1990,3799,0.20271674
728,2000,3799,1.6184541
729,1990,3812,0.37621534
730,2000,3812,3.580394
731,1990,3821,9.274455e-05
732,2000,3821,0.0023183268
733,1990,3822,0.68958884
734,2000,3822,3.677601
735,1990,3823,1.6056477
736,2000,3823,12.468116
737,1990,3824,2.140555
738,2000,3824,15.608846
739,1990,3825,0.7638523
740,2000,3825,7.7228813
741,1990,3826,0.4626885
742,2000,3826,7.031374
743,1990,3827,33.06792
744,2000,3827,72.43486
745,1990,3829,1.6715316
746,2000,3829,3.7356231
747,1990,3841,2.5212216
748,2000,3841,5.2054334
749,1990,3842,3.0073757
750,2000,3842,8.759492
751,1990,3843,0.7128711
752,2000,3843,3.9012315
753,1990,3844,4.769779
754,2000,3844,21.532015
755,1990,3845,2.223314
756,2000,3845,8.730162
757,1990,3851,10.3997135
758,2000,3851,16.5072
759,1990,3861,13.441525
760,2000,3861,-17.615868
761,1990,3873,27.435858
762,2000,3873,88.21841
763,1990,3911,6.02438
764,2000,3911,13.872393
765,1990,3914,6.4939346
766,2000,3914,34.863453
767,1990,3915,6.7694154
768,2000,3915,13.396603
769,1990,3931,4.2857604
770,2000,3931,27.603598
771,1990,3944,45.05397
772,2000,3944,282.62878
773,1990,3949,18.804785
774,2000,3949,35.603535
775,1990,3951,5.327911
776,2000,3951,25.732914
777,1990,3952,4.700251
778,2000,3952,12.779033
779,1990,3953,1.4286323
780,2000,3953,0.8016953
781,1990,3955,6.4582734
782,2000,3955,2.0288124
783,1990,3961,4.4382367
784,2000,3961,28.5237
785,1990,3965,1.5320837
786,2000,3965,9.610531
787,1990,3991,7.909352
788,2000,3991,24.003624
789,1990,3993,0.22653048
790,2000,3993,0.71260786
791,1990,3996,1.3332763
792,2000,3996,4.561418
793,1990,3999,0.33529362
794,2000,3999,0.99288553
