"id","east","north","pupils","eta"
1,11.9432126388107,16.0926755631741,289,0.0469858716751478
2,15.5115305120554,12.1730738443794,293,-0.0583043272094821
3,12.2301392819427,11.358137426556,361,-0.0681153799469723
4,14.7899638921644,16.8251613990426,418,-0.0222893210819813
5,15.675666027246,15.9562072101249,477,-0.00534741316082602
6,13.5070587912432,15.5429478796158,436,0.0111355046087843
7,17.5998324066035,15.001558931139,377,-0.115943498175338
8,16.8525029295011,12.0639326254115,545,0.0352579952096543
9,17.0580569867142,17.6394246872008,304,0.0279991085353924
10,18.6187179488393,14.0976787367704,416,0.052256067874945
11,12.7485142950907,15.8323389917968,591,0.0815597910557219
12,13.3843973875634,15.0910436900189,314,-0.00566390878257951
13,14.003459656512,17.3041749525849,645,-0.0735501876462501
14,16.2274280435902,14.4784672251848,336,0.0246264693295776
15,16.9708940966426,12.818641184226,519,0.00497883206755926
16,14.9071470655636,17.2640278109916,465,0.0727777658766487
17,13.1348600471173,15.8562557176469,416,-0.0678194747238477
18,11.3056946875975,16.3530694691921,428,0.00813378356018438
19,12.350684765222,16.332075777259,494,-0.0173825130698908
20,13.7455209300226,11.1760508382142,375,0.134083251893481
21,18.3522184854494,14.034719856515,278,-0.0947383850765177
22,14.3355590591156,14.8081183258475,512,0.042616138382221
23,14.4216354937214,13.7230760531302,241,0.0659005001627752
24,13.8515646641809,20.3743412122731,504,-0.0277681707634997
25,14.8126558609726,13.3170140795967,503,-0.0236021999916103
26,13.6689644988247,14.5317977876361,342,-0.0230672835926527
27,13.3808016524995,16.0103422516311,450,0.0046028556822226
28,11.1370526338525,16.6867187991881,319,0.028997857828135
29,13.0156096889603,19.8828615283882,353,-0.0394731279898037
30,18.5559989285139,20.1888908951708,154,-0.0405746440993119
31,15.6307016298172,14.9574174279853,466,0.122872850989556
32,14.7789189152063,14.1018342646818,421,-0.00760439339919216
33,15.5647090935269,15.8476693067435,290,-0.00725143269320047
34,14.6488583102823,19.5968727411735,426,0.00836398084049941
35,12.5645493473088,19.6357823299946,336,-0.0159373337940558
36,12.5312001883157,10.2653528868879,268,0.0198014168381203
37,14.3602717920729,17.1529837962665,484,-0.0794199033663511
38,13.4904461256796,14.3300831611964,414,0.0359691300855916
39,6.28170708194375,17.5319896568544,488,0.103705324052558
40,26.9544118805788,3.31991497194394,353,-0.0434571894593313
41,28.7154479208402,13.675346004311,301,-0.0395592831354506
42,6.70560581842437,19.0585418790579,324,0.0569290743095505
43,26.5846947301179,1.75360106863081,560,0.00313462104255006
44,11.0735147958621,3.46899337135255,328,0.0381925757234443
45,6.98975888779387,0.116648250259459,263,-0.0257322439363611
46,18.4911338682286,15.1180768059567,418,-0.0666170448483399
47,13.5996044031344,7.2969226562418,377,-0.0188669337050845
48,20.0715740723535,22.4469173443504,576,0.017064982430458
49,9.85393992858008,28.7817263952456,596,0.0016450727656964
50,18.7233011447825,14.0413595200516,402,-0.00277520617343772
51,4.20908825006336,4.82487788423896,338,-0.0110162767784573
52,28.7214131257497,10.5439064721577,514,0.0589743266258335
53,20.1766483602114,28.0693633714691,480,-0.0231919229374078
54,23.6589706409723,27.4506106856279,440,0.0570759394111764
55,5.79544261330739,2.64332631602883,196,-0.0540423435256981
56,1.29006152506918,3.43579411273822,398,0.0247422274934271
57,15.3623053757474,16.705630843062,455,0.0390454903719372
58,24.4811974139884,8.47056922735646,438,-0.00252459074617645
59,29.6948446892202,16.5680758771487,419,-0.0535462748619892
60,18.0497427564114,24.9622000730596,452,0.00984453995517648
61,14.0796186891384,24.4185865810141,464,-0.0770371455068308
62,7.52218607347459,26.3127915258519,588,-0.0101942891866429
63,0.605447678826749,17.4336796137504,332,-0.0249673599158585
64,12.1889121062122,7.66071146121249,453,-0.0929889989812522
65,0.132448570802808,12.4278612574562,413,0.0586850701411613
66,4.95602293638512,26.0383725422435,375,-0.05417438964967
67,21.9182064221241,10.2929529058747,386,0.0257905915392298
68,21.0808278853074,4.72614193568006,333,0.0140416985637586
69,6.58122967695817,0.670613923575729,367,-0.0212626536366175
70,28.4364647674374,10.919410858769,335,0.0218095864645104
71,14.9629936250858,2.40202388260514,369,-0.00768622093459256
72,3.17881930153817,26.9593550101854,397,-0.0510047781465333
73,8.97398536093533,2.10807013325393,499,-0.00874268833085909
74,23.1566927069798,10.655974522233,392,0.102434260835134
75,12.5926718953997,9.07767650904134,395,0.0450170305310568
