"region","X","Y","B","u"
1,-0.518193981602386,0.117290239698522,-0.13844842900538,-0.308258110148904
2,0.212703202625049,-1.06764834550875,0.546840444642983,-0.538806138133232
3,0.652136006162809,0.892118221381,0.351390375108447,1.37164072908457
4,0.285675837016752,0.861260954894141,0.038485663344079,1.09973664117816
5,-0.334492692287447,-0.329604955184721,0.420736234209441,-0.111543786136991
6,0.376130261887827,-1.72746792500025,1.17240021821719,-1.75462477431621
7,0.509637665267234,0.874312391059161,0.330915839427133,0.466286147883756
8,0.130690241112522,-0.229759471778122,0.311682528738635,-0.0964796055094498
9,1.43565065644907,2.04860064317937,0.543088107133453,0.940275218780096
10,-0.188500815815618,-1.35765389228212,0.3828748194623,-2.05350973166328
11,0.174351875563115,1.32693520850699,-0.126989634290899,0.669956568204466
12,0.370088479571967,-0.604315524493493,0.209737560566956,-0.498900872068626
13,0.227254325585165,-1.33703446248818,0.25826300396903,-0.764784224548324
14,0.726599430874554,2.02766535656137,0.305250121511199,1.79745204099452
15,-0.1254924680154,-1.30424706933157,-0.0749572386087181,-0.66493367889699
16,-0.596070018837408,-2.63197885006939,-0.264873834038604,-1.96329819923557
17,-0.0271167582921643,-0.253003484278217,-0.013248286556996,0.0164902722772516
18,0.047713853311601,-1.05021760905346,0.0664548176113664,-0.35351183333298
19,0.481999914487376,1.06499701824472,-0.0489837523390502,0.936633224889907
20,-0.315865841586707,-0.527140225050951,-0.243615980700426,-0.0146497198403543
21,-0.530551863395529,-0.216854530691856,0.0974900738653935,-0.703775639215459
22,-0.530390336290763,-0.629431238223188,-0.12342521439072,-0.32739430186049
23,-0.0721650769976179,-0.319042218408566,0.330580332771662,-0.511687895081215
24,0.529857164222551,1.31216456021198,0.369095497741966,0.987644883678498
25,0.194658504140707,0.144894861866233,0.47030584426574,0.733420833722384
26,-0.278259554272369,-0.208148143238451,-0.0626706117060732,-0.0928693247649062
27,-0.0520501245972552,0.369143123806613,0.170401848952364,-0.631484020569782
28,-0.0966234390171004,0.676792299788432,-0.183571178059813,0.207542455070077
29,0.396522631755231,1.60379695408644,0.066930817777089,0.955858149667464
30,0.138544560505274,1.38983850698422,0.339287899685182,0.723657979850363
31,-0.022355808699892,-0.284791569290837,-0.345292026834019,0.03181819208766
32,-0.134755507111973,-0.463292030181547,0.380057912161097,-1.32323440541989
33,2.18877428696655,2.9700462753347,1.47990669114763,1.9956531516798
34,0.285955914397349,0.755573288102094,0.482036136459018,-0.430110713083987
35,0.0421310106687062,0.976294850902857,0.39985808752018,0.392099812676926
36,-0.169600714146417,-0.650949251451863,0.475021208718647,-0.813590063327956
37,0.88240862701176,1.11935233599954,0.547561847221784,1.05414434227699
38,0.701445647047957,0.371526109804693,0.45359790849977,-0.273719453013736
39,-0.0421741775012529,0.180249061378121,0.280227915745347,-0.431006540731886
40,-0.131372629555544,-1.84168095393165,0.155743328229068,-1.49972235947019
41,0.469728368316301,0.311767395721791,-0.0593312472132253,0.462670141952526
42,0.702367481675204,0.839823464769249,0.00459427606488225,0.17393523375678
43,0.716305358636352,-0.736635519721257,0.678164752534183,-1.10995392565459
44,-0.038516883674184,-0.0556739527758757,0.111124964624107,0.270465157256119
45,0.371912586503989,-0.427793267950075,0.864504499047554,-1.05136369026491
46,0.100009074664813,0.672272273247735,0.253182328088854,0.449293007683559
47,-0.0385332164927973,-0.831733958412109,0.118126269694192,-0.689544846999645
48,0.2441865628673,0.509818151569173,0.160807653069639,0.165305723292022
49,0.391432831744865,0.604379695912306,0.603955848908705,0.33145899391402
50,0.351210045822843,2.09811330748837,-0.115562312338918,1.02613808552434
51,-0.779719220010339,-0.878404326524643,-0.204468548424999,-1.583981677186
52,0.358514756941649,2.10582360873391,0.0498486651782255,1.77409510685172
53,0.184394493244704,-1.10479828943699,0.263614407585894,-0.807033951510865
54,-0.82139663834956,-2.87224696080853,-0.154163899338024,-2.47310553532497
55,0.675826832315919,0.663883195983527,0.474560854203742,0.193617915413217
56,-0.919086045055489,-3.40140238336418,0.105631249716122,-2.06028982610914
57,-0.600786703400949,-1.90861194212177,0.375032171630733,-1.4863909382197
58,0.193835693843,-0.962632092815207,0.484898794195389,-1.44985597506905
59,0.796280437893935,1.72337318038379,0.219380338240707,1.14235174869303
60,-0.58272477489667,-1.50091833461001,0.0360562300326129,-1.41656022523864
61,0.0434163139490241,-1.89653265319236,0.527467652462888,-1.3090784730531
62,0.130685051060148,-1.93109785348153,0.568604303671734,-2.02871024920864
63,0.176350366834421,-0.698743117668387,0.73954640153114,-1.47582615718916
64,0.0730374242700288,-0.226180605532574,-0.0319489361206733,-0.232372213843869
65,1.06266724733709,0.698389698764767,0.806842119988384,0.47225905530226
66,0.528948366700821,0.661355659056446,0.196663459208577,-0.0462546837795124
67,0.663850068381252,1.50072974194269,0.115799983481658,0.814854618178407
68,-0.23083250070939,1.38068088904861,-0.378203474405414,0.932093452540969
69,-0.00110299341633474,-0.449458449080169,0.240244658170442,-0.132888338548023
70,-0.331014361050471,-0.827675397452667,-0.273845316502691,-0.425892640665757
71,0.378077374647781,2.2932196574347,0.483207438561181,1.38202968408224
72,-0.0482605243217372,-0.15775303166966,0.19780655555757,0.364279798256066
73,-0.31117049670637,-1.16757070521515,0.139838818684248,-1.13824546267357
74,0.435082985909906,-0.300644259432204,0.0124000140849256,-1.05500859475329
75,0.658407570544524,0.719309550544598,0.812144384638007,0.227835501367171
76,-0.124162678858488,0.0410787818883547,-0.0332654026184752,0.381720000579653
77,0.398277261960577,2.88408145241363,-0.340834714180593,2.46176957391858
78,0.114177379007727,0.852218358793103,0.223062688624023,0.300079301920049
79,1.02588339075559,1.27044503400963,0.418088037608413,0.665639778302756
80,-0.301174968324741,-0.533121018788871,0.114606408855399,-0.327321626560875
81,1.35184598910397,0.28622476638987,0.855910209234512,0.503457728855033
82,-0.0853792141989045,-1.36592849994928,0.421426955672743,-1.88892737449043
83,-0.869782182411479,-1.84110943678422,-0.253498744045345,-0.987931571888794
84,1.23565996811659,1.0255916072897,0.332944930754962,0.325581733121814
85,-0.145024973749619,-0.10224643426652,0.142507175908104,0.0327738877220577
86,-0.21890818637287,0.230479424535997,0.17746655832364,-0.000489779059161517
87,0.227658653777579,0.560561533192701,0.535716600135345,0.854808863880351
88,-0.165099980991606,-0.472934333967642,0.228235245117271,-0.435186788661731
89,0.474295691902854,0.0491651769799959,0.621759907882049,-0.210379955572872
90,1.31909260134715,1.26207045164472,0.683353880168392,0.145985594464638
91,-1.1920021347597,-1.46778336848947,-0.303980613972585,-1.49624143576998
92,-0.169274567960721,0.267955938483999,-0.046337377624627,0.0144978068492339
93,-0.357450837534707,-0.890859142608617,-0.169915859770026,0.0700260794416885
94,1.94162939788402,2.82310005811016,0.658129240969774,2.29792188991739
95,-0.0579219109456419,-1.55164725356127,0.0922496729339048,-1.29402346899216
96,0.907287783956011,3.47883413910628,0.183724479346128,2.21711093008007
97,-0.686203277838284,-0.0404473446030181,-0.66259071159103,0.0153181440191835
98,-0.124816548090746,0.0799712528937777,-0.126630348915043,0.243625573073483
99,0.525409349469583,-0.154586200482693,0.618052429719167,-0.0524210938921826
100,0.437583966777119,1.20665449085979,0.0780092676090525,0.848524362355481
101,0.588667414269416,0.200696471299713,0.787968490902591,-0.523755236912889
102,-0.143969232838133,0.195279207538459,-0.0806564432332469,0.186316966082114
103,-0.307711224153227,0.342292857288282,-0.119485386265439,0.120657327092148
104,0.356617144916021,-1.76892694309393,-0.14748366156207,-1.23719405089971
105,-8.7078389300943e-05,0.763334589227911,0.240361778619019,0.600176622273613
106,-0.140397996164978,-0.325797884191883,-0.00465524891274752,-0.260604229004616
107,0.130088382871547,-1.26895948373421,0.279199193823437,-1.67827830058204
108,-0.203908513816035,0.0361091479807737,-0.194753923454831,0.567321886483198
109,-0.0295842400014266,0.683529326811803,0.174868017444654,0.307909763628228
110,0.257193562418655,-0.193538282817074,0.136468359571107,-0.34956540518844
111,1.10639918848969,1.70947000878067,0.786832376691445,0.833075922051451
112,0.859000180999884,0.908652825862932,0.52172697024761,0.953401965307246
113,-1.13776122897719,-2.34333900832386,-0.0989057329163407,-2.09366721583709
114,0.437703381128261,0.462624869824879,0.226587672269544,0.550795630203228
115,0.69588829493885,2.20231669321053,0.352982335593816,1.4191539356914
116,1.01915534084014,1.49387189597042,0.552804609892966,0.780820686832884
117,0.716116381691658,0.893792817765989,0.796264497053069,0.237087272147645
118,-0.361133338361882,-0.0165643870924453,-0.0303604819511655,-0.788932182123435
119,0.475947759370525,-0.334383066741375,0.782448299660078,-0.440240836823565
120,-0.0395433357970404,0.588164492475813,0.178127089246132,0.219813535385175
121,-0.312351148105692,0.590611931325961,-0.174397925243507,0.670169066794735
122,-0.214094718791572,-0.260720180313886,-0.11964401581858,-0.531227800402658
123,0.269123114237207,-0.346421269233206,0.21576866854676,-0.0792722621076322
124,0.0083626264163859,0.584946790855883,0.0345918088703539,0.0692459730712533
125,0.375277266470697,1.65198665681587,0.161125454974616,1.20592264786814
126,0.841369643860176,1.98009288007188,0.768113258582609,1.13154818498859
127,-0.303581106118111,-1.74534150809576,0.266943009119607,-1.49906868741923
128,0.957050141572095,-0.186760367847162,0.470093867368105,-0.617014534514488
129,1.28035055614376,2.30417341049707,1.03182150508718,1.47470165725543
130,0.0177810004600833,-0.764353504001297,0.0251496584589302,-1.12983306767197
131,0.436676210582761,-1.43668149013916,0.348409114896599,-1.37343818418538
132,-0.272843655678883,-0.60058588326805,-0.0380514161997146,-0.833158042609796
133,0.848270964103994,0.290242139676512,0.214846318520322,0.418887442749164
134,0.537176289508857,1.84770982763886,-0.0336825626736567,1.15035824549588
135,0.419577229750624,-0.478470329669958,0.321322574261284,-0.489169556597705
136,0.519552781145158,0.555558969281258,0.356442062425834,0.112195451318894
137,0.608534276080665,-0.0187774205139012,0.420632687014475,0.267955707872744
138,0.613201184901241,0.121209011099275,0.324013750174639,-0.426557187423313
139,1.01418789846521,-0.01593097672255,1.09377401329751,-0.283673090147289
140,-0.478453989799198,-1.26644676280078,0.0693769267524861,-1.31133982062636
141,-0.0379598282744099,-1.55736316207226,0.293768054665626,-1.13358516937968
142,1.25603907150454,0.829454547884354,0.427817132227195,0.620840941640127
143,0.793451417635555,1.44116028214224,0.500946575083845,1.2422938784538
144,1.86309601036084,1.5626614038858,0.982856444523668,1.1796665226799
145,0.878377411949928,1.77905245088951,0.929431574131698,1.43025672046733
146,0.848907877112468,2.60948076135228,0.115806755040184,1.81131430341336
147,0.151487235331245,-0.843345733921625,0.0452736844234804,-0.209332581487266
148,0.558769664214116,-1.54265680363027,1.06482915575405,-1.97227219457241
149,-0.872333828626476,-1.28249759246835,0.0340594240992416,-0.19926465734429
150,0.202605011995817,1.19554654568226,0.321595854146563,0.714247122727495
151,-1.29260983860246,-2.7381766814671,-0.405494710749891,-1.99999983427216
152,0.115891735407328,-0.579874770407004,0.0552688421053221,-0.0984767880474197
153,0.899745225857748,2.17821381109986,0.653661723460617,1.4229941101837
154,-0.150801229746556,0.319768646313927,-0.0351173161885398,-0.317999081893699
155,0.0376777909926703,0.908851252414947,-0.0779107402338804,0.723666281327608
156,0.191373329115142,0.112230309311005,0.501470482729193,0.0459153545125852
157,-0.257404261763928,-0.151719130225855,0.339291533310102,-0.613652125391848
158,-0.56449519324726,-1.91343706470442,-0.194885488053363,-1.17137401172452
159,-0.420531665477076,-0.796861137491191,-0.128704634100433,-0.660469741280631
160,-0.777167056080904,-0.969376359623862,-0.305844833443987,-0.934080752629843
161,0.899536144855827,0.920428259040436,0.328960157808197,0.424391308305112
162,-0.647262338595745,-0.2881997471214,-0.0969682472491931,0.155769202560335
163,-0.458831234122461,-1.41657959395242,0.0586431460078809,-0.795576188562166
164,0.618758113425149,0.729555609573141,0.261074780320414,0.82665859809083
165,0.466078629654918,2.1035349737328,0.0443611393158888,0.809847074315044
166,0.276587628753539,-0.415636214929397,0.0828608087217092,0.088209469336382
167,-0.0775472542686772,-0.339647874690289,-0.363960632812151,0.638410652085764
168,0.219096415217141,0.038084540628962,0.0342853345983948,-0.125124679301534
169,0.50183335955484,2.08353023001092,0.0750139335221851,0.97109703033737
170,1.26383668879114,0.632679124842788,0.645614129884016,0.765548254835698
171,0.198758292291631,0.301467704211128,0.0358753820583582,0.0563982636097825
172,0.449821177814451,0.570273394507322,-0.384044509878338,0.0445548442539538
173,0.280714004125001,1.34016286273594,0.267510327184879,1.20929553061239
174,0.665987040925562,-0.975510108844834,0.524075237226677,-0.981776392329198
175,0.504056336448307,0.00806376828126795,0.107783792433687,0.00234230039504829
176,-0.0130852160705021,-0.764405028180864,-0.155172843312667,0.0801957120179013
177,-0.112892935607246,-0.451162138476092,0.185963809673448,-0.240097665994029
178,-0.399256074369587,-0.394543814917675,-0.0240715305460278,0.654653652426566
179,0.050746916538913,-0.604080062780603,0.566855256306101,-1.00578698161609
180,-0.0916036579891166,-2.44788851714036,0.448607113401331,-1.83238117381361
181,-0.248064052087231,-0.940042547400927,0.018217469008202,-0.478010372443484
182,-0.030451691024551,0.653809882572564,-0.101354540552373,-0.55050268236581
183,1.68383686545267,3.27992627844909,0.851949998228988,1.97139069076843
184,-0.34630109284494,-1.52816502612557,0.165293037002949,-1.96297667812104
185,-0.923496505572893,-2.86149730850962,-0.163889658167001,-1.67132852820593
186,0.238110938249469,1.22809388870141,0.351551328019732,0.994197634712777
187,-0.042405671495526,-1.3633015070508,0.303120890865066,-0.818240577304553
188,1.78446651707861,3.30116370956771,0.98668117704098,2.37590247944763
189,-0.0314191702647228,1.47891978518863,0.465383097340348,-0.515239620761494
190,-0.0797256728093816,-1.68042380266016,0.156990301677029,-1.35031237546217
191,0.479269672665152,0.756459469226016,0.529426937159737,0.442728775224717
192,0.920142722348239,0.947110763908178,0.350833783498076,0.936121475275596
193,-0.15672765113179,-0.458125943527989,-0.446474860654005,-0.253523883760178
194,-0.4883102568552,-0.623672781140292,-0.0693789070290842,-0.169964776528911
195,0.430364821525414,1.59103298235873,-0.0352565949775624,0.576637209391206
196,0.68677543006025,-0.246741421166131,0.496010992728459,0.459808416411392
197,-0.37354458885647,-1.67651945681999,0.0362236209080517,-1.29484630920461
198,-0.103772777227522,-0.124074869320663,0.0873697564103248,-0.290088818130524
199,-0.334398788856014,0.199298539505367,0.13474698284786,0.0212145454336207
200,-0.33627253390551,-1.56786086742953,0.117166208128032,-0.517771194397963
201,0.0673548763118944,0.464455368246281,0.085799872324972,0.406942005657149
202,-0.187282772273629,-0.0373855019061603,0.102192800370037,-0.242252389060277
203,0.293686691961569,0.983675002923248,-0.0847056139529468,1.26995303572562
204,0.0586567494418085,-0.183286719630362,0.358524778706866,0.225416454224961
205,0.2129749510406,0.445578096803164,0.272587257462937,0.0694447336867714
206,0.219005703473493,0.218411774018073,-0.106291931154401,0.271686373678178
207,0.621843148735531,-0.316074234364048,0.610952182203607,-0.463518129188879
208,0.0535809183312699,-0.947400882221059,0.0449975459509865,-1.25870855200122
209,1.01733154610937,3.19893294669149,0.58523871350902,2.43137488644035
210,-0.36168994208876,-0.476565669191882,-0.20498335741149,-0.383989646325614
211,-0.0544810780937895,-0.645531613489309,0.594044414495994,-0.973823905315491
212,0.768435901343776,1.73896797159737,0.38457471240638,0.670339649051382
213,0.618318256532135,1.23510054291395,0.305263891394801,0.483572519297307
214,-0.625670313730948,-1.06223982786921,-0.40039544826605,-0.0413455757688327
215,0.305269572306069,0.516189904699653,-0.245842768974143,1.21425385372001
216,0.997130179207468,2.35315281987645,0.694755288637035,1.62599246857593
217,0.527064514376361,0.0519692153957825,0.264903302971649,-0.970076642489089
218,0.423293314171724,0.119241887009585,0.28388336718861,-0.657652375894191
219,0.413853369236383,0.753942445842523,0.377091640072254,0.340987905373838
220,-0.312416816142906,-1.36805861614971,0.11692875663922,-0.337064671605278
221,0.127199565572404,0.0571959479543763,0.300473632680905,-0.668592851913468
222,-0.431151269944747,-0.320617359612464,0.0421620143592316,-0.111634714665361
223,0.794070026177928,1.14513287360628,0.225573004595848,1.36835890335078
224,0.852650330731162,1.87192037821042,0.305973812429503,0.878095401024398
225,-0.241196234585061,0.38636330767942,0.0591598606282945,-0.135354736109261
226,0.107335424542154,-0.741468475822251,0.471331676904712,-0.930099363662779
227,0.434928761054222,1.01874821033566,0.225431092786688,1.19472209282429
228,1.06613553606856,0.659985450363185,0.972141847053136,0.686813491715256
229,1.12457335494171,2.74221921793107,0.113245017798651,2.40343313349054
230,-0.266802457593098,0.582911203113306,-0.55100968084349,0.921667197154274
231,0.163482710268066,0.241610428846659,0.271885303490843,0.357410454571556
232,0.136184056420804,-2.37967395135208,1.51880856899424,-3.16218516001451
233,1.12349843389786,1.21158411011442,0.769143887996838,0.80932212484306
234,0.0492048611175391,-0.567860165681681,-0.154804073208834,-0.560028606439639
235,-0.841042584713472,-0.782397851751445,-0.00109514153425543,-0.805622156307826
236,-0.106648841350172,0.263817233059702,0.18987746867818,0.29174490788963
237,0.427989528342561,2.6193947475509,-0.15764768600892,1.6376321136714
238,0.52021462220511,0.782016457114283,0.12072128557905,0.40217732852418
239,0.343939206137885,-0.163710639865979,0.271612704090038,-0.282075862305868
240,1.07998700478339,0.121206245214593,0.565570137619113,-0.0172637958282834
241,-1.1041881665868,-3.41052701511845,-0.0469254262355245,-2.69601083686774
242,0.10725435914084,1.01290614148514,-0.0541047448119409,0.308277132557504
243,1.01094893828765,-0.0562947343241161,0.18664514012299,-0.176128891434564
244,-0.695425347888987,-1.11143565612888,-0.233399610885195,-1.84477629990707
245,0.776285558149462,0.930758250035421,0.264169300729735,0.530266227664491
246,-0.49005055489203,-1.02374465257846,-0.101752885111473,0.135187164372397
247,0.66857392828172,1.25807050596999,0.821179781712975,1.24210287209781
248,-0.0295613037864185,0.753306799691981,0.0449676166600641,0.613244764942128
249,0.763356374720887,0.613195272136534,0.58909168946056,0.205425567659347
250,-0.260008352545852,-0.0159848723983019,-0.108787994165655,0.00626028529358936
251,-0.034367047053194,0.0931943129222333,-0.0460505702883851,0.24767829620344
252,-0.0225097198006025,-0.0405715306583898,-0.231779934455776,0.276198531079971
253,1.02187490722933,0.197475540197751,1.14333141371821,-0.226776149857192
254,-1.6017708995914,-1.99841874536579,-0.566048386309826,-0.966616014130821
255,0.173550928629087,-1.18340918953678,0.779321609366072,-1.9090603959015
256,-0.0822670513785131,-1.46620344133081,0.0954224182389757,-1.24538758229169
257,0.877110293896926,1.62813723394575,0.302666585803274,1.24998932094704
258,-0.316013869350636,-0.573365093039745,-0.323381972646981,-0.150502771589987
259,0.122633026671379,0.432567090071518,-0.0327230069405659,0.0332013977273351
260,1.43183193680706,2.5286504447179,0.821490987712219,1.61357644936232
261,0.0516545337804339,-0.704445182761866,0.350225059656712,-1.06290123329417
262,-0.234623821263609,2.11761573993829,-0.249978067633786,1.28268183239626
263,0.603204218630847,1.57238430118967,0.0812982456805122,0.758993421048976
264,-0.24185720543709,-0.565217601218094,0.38640252697951,-0.931544880038302
265,-0.399088971160484,-0.522970845681156,-0.2621256054297,-0.311885577034004
266,0.39487135471709,0.133749360638734,0.584379838187942,0.183812589451784
267,0.132874603321409,-0.170073878994735,0.198657789098485,0.932225618092837
268,0.285450362984308,0.999944687956971,0.385659831802775,0.209262684270657
269,0.505511626705561,0.550397253823,0.858381982197493,-0.46917159412843
270,0.239747178588171,1.03571957981491,-0.148840186678685,0.800798008384236
271,0.383620564562388,0.284900566343698,0.48020574943862,0.246515620028537
272,0.537443657275145,1.8461820971932,0.339832574167824,0.914031176896179
273,-0.238180007715834,0.463956701858615,0.0893243120145797,0.445894180463618
274,1.02487979152298,1.20344129014472,0.306450802113401,0.977613637124668
275,0.138380073653946,0.356654745698242,-0.0723125059260475,-0.179443845031127
276,0.57585771699088,0.704718720230365,0.0542304164221785,0.38912511395097
277,-0.0220090441546758,-0.347369502195369,-0.312749361903873,-0.221829719888397
278,0.726849230223372,0.530715808111355,0.484413846065134,0.738725885123652
279,-0.115676024082827,-2.13109536224091,0.315154159374086,-1.81192772266976
280,-0.148124876705769,-1.57694748921076,0.432685229286057,-1.00715035267842
281,0.0248768198462496,-0.099160828630682,0.090876817824136,0.0705352798494288
282,0.696025951324631,1.62716138225131,0.629678879641742,1.27865834556883
283,0.856611119407548,1.51723011571792,0.117791737408519,1.28894692408927
284,0.83818688022164,1.76765551689585,0.555311005529759,0.594037333163849
285,0.665770572406217,2.1674668613488,-0.390176745244461,1.77772519090572
286,-0.886106228498027,-2.99393133475144,-0.16374718858705,-2.24938122301323
287,0.64572092185514,0.998150144193239,0.481637108966252,0.622360623954769
288,0.332187220493232,-0.15084582775131,0.156452455176389,0.383185267917923
289,-0.0150505864771519,0.0596923800306556,0.301569102042172,0.549686483916132
290,-0.21129074023284,0.0831137878177524,-0.178110225389254,0.551950360801975
291,-0.275431330146319,-0.41885052649754,0.0340867496208146,-0.0765225763902134
292,-0.646007339184532,-0.207744671957082,0.162501966542753,-0.200020843078899
293,0.818671486962699,2.36539991349669,0.458838800766195,1.48194051542648
294,0.327985352488531,1.86719625830638,-0.582558046152015,2.40776227534793
295,1.39417385599388,0.0839552345215598,1.34533956885736,-0.74308521523639
296,0.177752238447989,-0.314664997896974,0.275618734301827,-0.392851516785852
297,-0.0133204144359871,1.49052553685949,-0.171079631312002,1.29301156111555
298,1.18688241219727,0.115385456295309,1.04327347151462,-0.294350420352393
299,0.603941587002396,-1.37724500752689,0.684391414048664,-1.46776153477136
300,-0.13305783442826,-0.186820807499277,-0.0610823528284702,0.583095889915485
301,0.773773487087505,-0.208340489677327,0.141145378842578,-0.713958367665851
302,0.479977781351621,0.0665065888614223,0.0624935676794364,-0.168286029675298
303,-0.460566954464408,-1.29676847894028,0.148261758954534,-1.6997551213102
304,0.287783305289575,1.86797617686193,-0.0125711457112884,1.39918340864513
305,0.548428908844234,0.153821020454004,0.428939041127085,-0.645958365337694
306,1.37451887709862,2.11549993600614,0.778512679009536,2.09421742478304
307,0.12252071013237,-2.16278839398988,0.593304748984606,-2.4926420666446
308,0.868543929520952,-0.185062158815453,0.709057684757016,0.338067640980184
309,0.339886238858953,0.554302002032278,0.243530130937968,0.856956373031194
310,-0.247305586097889,-0.573005677772106,0.49100918642193,-1.06287573800661
311,0.430818074931595,0.490016500008481,0.238066092743529,0.18497380805413
312,0.016124625802683,-0.381817141267492,0.140942263014853,-0.628875347535028
313,0.922818635576082,1.79010477866599,0.354183126641542,1.46956248499199
314,1.45942754217354,0.0214039587823321,1.08640067546549,-0.0450296796023525
315,0.278457540747954,2.32473023168314,0.143710029545364,1.92091516409427
316,0.346591296298446,1.20530903539584,0.0307015261296272,0.53362067182915
317,0.344603049270756,1.56060727058438,0.00563300689146991,1.21321489330588
318,0.817996274841025,3.05827186663034,-0.0476204040174841,2.48917613213266
319,0.561044113917578,-0.417461356871684,0.0745789209166462,-0.719472226010608
320,1.08376594445852,0.267564561353289,1.27048810341475,-0.417239047999913
321,0.153447185041885,1.22805156861561,0.262148047276994,0.913284570565361
322,-0.435093396571113,-1.27862173431312,-0.119401718971484,-0.727288970733891
323,0.100139736367046,-0.0384276698100131,-0.0223610627589238,-0.413107968913092
324,0.00575114664171994,0.423532157020214,0.161421927009787,0.366523409014078
325,-0.1345687429241,-1.43020850670787,0.256909891183,-0.793423072319062
326,2.14780102496792,1.96319639094612,1.7103260015445,1.67205913996037
327,0.526051625882139,0.333012282215498,0.557556296842032,0.0884083261623902
328,0.581338936004636,-0.116529874168407,0.459388221362407,-0.148962270408675
329,0.115413766417229,-1.60174671227168,0.206770939186717,-1.22358961636598
330,0.260621287653676,-0.118623083720062,0.31068763384915,0.138910643261668
331,-0.285225020832294,-0.933339514636055,0.14114367223894,-1.122917992983
332,0.606871456954835,-0.0734787704861747,0.784157337001412,0.190258698600957
333,0.212535664301523,0.879152722276197,-0.177849033725121,0.974048372350652
334,0.72692230509971,0.805930762579919,0.495350255304843,0.340781957523593
335,0.0528870755975809,0.453627553310331,0.317460197962926,-0.337463459649042
336,0.4916424953488,-0.563126658798403,0.37853373463372,-0.994853559899726
337,-0.194773897004054,-0.481307411342601,-0.333934805914562,-0.294013710883279
338,0.393141845777984,0.841681839047767,0.316289079343588,0.369980927501512
339,0.753896380668425,1.45146962412429,0.408586671269523,0.454484069152424
340,0.366517929504209,0.293896842567528,0.0276975258694241,-0.229024277541748
341,-0.0680945757363261,-2.25006067774514,0.45249615114913,-2.01448582463248
342,1.07106512214911,1.47646049548494,0.6760453558992,0.45246721632704
343,0.715117907692539,1.11141313001544,0.282634633676582,1.12733875768741
344,0.409156108706782,-0.219304120607069,0.41902876099192,-1.09248719940356
345,-0.344168774902388,0.0564556250629858,0.00994059492662233,-0.502744797268115
346,-0.587200613716359,-1.96134548310398,-0.121843059145161,-1.32581584372216
347,0.155050248499907,1.71430010757607,-0.403925265251516,1.39692128540399
348,-0.0889784099939956,-1.41421024269526,-0.0535720504972003,-0.715629465773757
349,0.528512578126229,0.820298225739435,-0.0264775646613293,1.00646127342889
350,0.733536299897456,1.12674063143823,0.605180037868314,0.504617963928101
351,1.51561391034242,3.07139484794836,0.331418049809235,2.65844722787995
352,-0.384232337375788,-1.15383017119506,-0.20734290039432,-1.27911006442848
353,1.17286330797913,1.72686044884827,0.661698127730606,0.430718132234422
354,0.0210745464039767,-0.830675276994535,0.724238302010504,-0.923461140418394
355,-0.326673546399262,0.233782504399371,-0.409317239670992,0.918324604724035
356,0.808295376901425,0.934685746905215,0.218722965214282,0.915051191803385
357,-0.103059578433403,-0.435038538365617,-0.145398959843358,0.0137387258987925
358,0.0669385800109438,1.91214523937324,0.0271851230018389,1.19979842656182
359,0.493885204032629,-0.732407940616731,0.384315101362664,-0.250180927906697
360,0.609343447255632,1.88701176354102,0.213741536861337,0.894572423558965
361,0.239298660237562,0.301249808562245,0.240124997920163,-0.671611344876707
362,-0.719351558386246,-1.37742436649979,-0.223787429804137,-0.80208477913175
363,0.70712991782059,0.680496332248335,-0.0923949187096006,1.03451221654825
364,0.240829393409343,0.506185156518869,-0.332373438421009,0.647521326215191
365,0.579814893156041,0.180991631885505,0.376810278842733,0.35837969507278
366,0.499415148704716,1.83296589047629,0.338264900383706,0.86720626176644
367,0.375735059032218,2.46155568660543,-0.0126424737727448,1.15162838318027
368,1.80669429334548,1.28299150412719,1.1619379605708,0.790042292633564
369,0.962566407704476,0.235097767745522,1.02357299494567,-0.145455393707501
370,0.537029516108179,1.87099656975384,-0.252172598778381,1.59123603232905
371,0.474340314625829,1.53385271064759,0.193229656558357,0.846772276201402
372,0.782418486649001,1.5370017702704,0.24677093516256,1.32274344181379
373,-0.332439169179134,-0.470957831808421,-0.282040802012079,-0.65296505295052
374,-0.0732201143000066,0.0477610479826429,-0.0177401966694794,0.21633062028392
375,-0.29985919212384,0.27094913394595,-0.170629166139738,0.501958015581873
376,-0.0404426355282413,0.416827102373573,-0.0523279055348414,0.213394905279692
377,0.808266190123644,0.339296844948441,0.178960203483126,1.23883736728113
378,0.973054205641501,0.663939048852819,0.463005655007204,0.96263801464188
379,1.16881520839942,2.41756194674158,0.502708641754748,1.4758656853692
380,1.47362745159098,1.75042410065917,1.26388115200364,0.832905997861568
381,0.498043047544947,2.26090481845363,0.265048006732234,1.12706756844178
382,0.92382504858578,1.15670800245669,0.477618635267369,1.55973512657316
383,0.35799430334279,0.991165339169152,0.938837515514691,0.332859322605254
384,0.620979794308631,0.26470289844066,0.465535640927018,0.15682465135615
385,0.154316937013557,-0.0421598838970955,-0.121091127054432,0.380169324638278
386,0.329764955051345,0.066113243105539,0.00664442678172453,0.0586288871748809
387,-0.342820293154598,-0.805759376127992,0.0228591222513584,-0.885525528976757
388,0.401685247297831,2.33948126007004,0.194760148200917,1.71751674884643
389,-0.510481015799124,-2.1235170245196,-0.0858452506304588,-2.07019306759716
390,0.67016754961703,2.69561020971068,0.28948169890572,1.78760503278425
391,1.04001624018233,0.433634160824157,0.814914234981497,-0.140937774078197
392,0.672538655745339,1.38777051043311,0.149487675678541,0.752729367558154
393,0.120120834143664,0.0959900440198722,0.439327274544866,-1.04991013161716
394,0.0750003654757052,1.11600898877751,0.0985657518321365,1.00882907642196
395,0.283048909215871,2.21931698111353,-0.0969486679561991,0.77959265220922
396,-0.671931326169482,-0.611992701183385,-0.420418510879417,0.285109800174706
397,0.368501383256082,-0.501359097362591,-0.105739141280786,-0.511601672251061
398,-0.10245404345605,1.65770618422225,-0.464190564397637,1.83187249553334
399,-0.982252174883254,-2.08649715936925,-0.228988468894305,-1.48174576222869
400,0.244672147124578,2.64188390469714,-0.387551772298657,2.32428382697046
401,-0.150407539975939,-0.0141269792634295,0.216051744816973,0.338385629004618
402,-0.158633920728651,-0.845985955287166,0.14380359842739,-0.962136968632063
403,-0.266955885653846,-0.774456304949475,-0.136046007378117,-0.80538041828978
404,-0.0204818860268978,-1.04912633682742,-0.00703415272964833,-1.26169725435696
405,0.207598023019132,-0.192199591501083,0.322155195911452,-0.509764565147157
406,0.669851484448524,-0.311333513115069,0.790245172906678,-0.900422378122283
407,0.551403863543733,1.0548830520679,0.253168031234315,0.231695442199023
408,1.46154064285147,1.62853660615417,0.833967319650903,1.23269909100481
409,-0.388698131650383,-1.11540420224704,0.213095135762187,-0.00687458988030287
410,0.347920225902619,0.222698459799313,0.135019397001278,-0.127497315711014
411,0.94528741587958,1.70419045747976,0.426291941044627,0.699940001463504
412,0.430436227177307,0.0966669668266664,0.644356786719249,-0.37593200311807
413,0.535669025440461,-0.724764070402844,0.661311154853891,-0.88583073161634
414,0.351619851652317,-0.746193010673803,0.348172630173933,-0.0862770325929238
415,0.129042332360251,1.10792505181362,-0.260206022718871,0.599137991786603
416,0.188198822310353,0.49301950921878,0.240439702694956,-0.100651900275236
417,-0.394936750283155,-1.76026263525226,-0.00987664813664877,-1.62065048450606
418,-0.0857900785253495,-0.865861936304884,0.413153611381474,-0.76782828697771
419,-0.19754182976888,-0.0236531146475853,-0.265687722446963,-0.787035383678718
420,-0.0977805858100437,-1.96925895841183,-0.239938562243519,-1.40962279691075
421,-0.877210341629703,1.11389868190546,-0.169446816560081,0.920189961805981
422,0.445216597553793,1.8778440470374,-0.0561780211132275,1.19439442469311
423,1.67329258653015,3.71090955972003,0.225842762248147,2.35311613668586
424,0.425890870426336,0.984650686933147,0.304458155784788,1.04278305682752
425,0.430471848065384,-0.632537700682282,0.453723991445132,-0.55098457300154
426,0.178306748041357,1.66192094500684,0.215960371734778,0.531745323854992
427,1.33653237634667,-0.180993959699559,0.648860664839133,-0.65269617611704
428,-0.295034242722581,-1.1339492537521,0.209985079317198,-0.954878841319397
429,1.57119674647697,3.13828731110537,0.757824768592155,2.10918704332196
430,0.489916150655833,1.4087965729084,0.00488673480492446,0.568247147412284
431,0.269359212200807,-0.460106231038096,0.221195702026593,0.33860384599682
432,-0.604822634364862,-0.522775794339565,-0.15248331326382,-0.244480468515738
433,0.219286866245284,-0.0781771796946364,0.325186928964394,0.146272201488797
434,0.43596182873392,-0.299574779340695,0.336707099542196,-0.47079104651534
435,-0.0312751527726809,-0.211562446232348,-0.0110471530163798,0.639802707039095
436,-1.36943030894888,-2.81350805579532,-0.390675702819249,-2.10724037529802
437,1.64125346554433,3.90174836856007,0.233939819209465,2.91994656242196
438,0.722506693239167,0.780917485983222,0.365391872105503,0.360622397753693
439,-0.830734425146402,-0.54014810595299,0.168663063036284,-0.502853510973996
440,-0.318387700578993,-1.63135163128513,0.358504740490088,-1.57811340254256
441,0.00264535646950692,0.374972661344872,0.868019456358089,-0.570418919518415
442,1.2165055935321,2.3298226672458,0.511425262506563,1.45948765250283
443,-0.393507987897004,-0.635833648880685,0.110616236205596,-0.420165885187713
444,0.309963413731275,-0.170441075454461,0.0422321422789357,-0.23410241220104
445,0.0359016057910169,-1.64901585947094,0.350025385859559,-1.27806625328905
446,0.203745244064819,0.00875458881719948,-0.366808224358442,0.470624172806442
447,0.887782934689552,2.09068404883235,0.337791359547618,1.58933981709916
448,0.29586208579299,-1.33574006163123,0.583829516198486,-0.622674515939512
449,0.338648092787819,2.1869563591343,-0.394193310470682,2.42730828241119
450,0.579138732141496,-0.102788329263203,0.537014081704319,-0.525741764482821
451,0.636435560663888,-0.287522844421169,0.281619759890418,-0.101349013453415
452,0.0811534097033604,-1.00933363413152,0.338785898996124,-1.14191288149431
453,0.559408617476478,0.408615625504108,0.390365567131147,1.12036221801317
454,1.31700906144224,1.42176989891042,0.907952519109269,0.498465245880777
455,0.175877501338976,-0.953206204029823,0.345779256428526,-1.08047246624855
456,0.0467995636369954,0.149069431518222,-0.250113179460029,-0.0537701082163142
457,-0.0607293135672737,0.604837333937713,-0.0191602941008376,0.503533424068158
458,-0.713791807890021,-0.437188709799707,-0.157352291105521,0.227779088061528
459,0.502200954916283,-1.04013774409896,0.388829573865171,-0.906267349909091
460,-0.51817350156399,-1.45479548463002,-0.313345925163005,-1.16297888799025
461,-0.0728704874266638,0.859160626441631,0.0402877548190204,1.30467001675725
462,-0.135082085611371,0.0455095801703123,-0.278905371101662,-0.176920443740672
463,-0.448244871353191,-0.652418278204803,-0.0230993046566756,-0.322325350224828
464,-0.1353471491571,-0.952415083026216,0.136008185513465,-1.04817717793607
465,0.565372549168413,-0.744096659607709,0.742332582820837,-0.423334314212221
466,-0.021772045276641,-1.19893115249933,0.163360888948216,-1.57877579063185
467,-0.253253209040705,0.760319485068548,0.126666631382667,0.474672482417042
468,1.39663518018675,1.28726348414155,1.06000136214626,0.481489607969319
469,0.6851244001316,0.151122555593413,0.821039633476673,0.125576359821355
470,-0.0160707434263509,1.59375145964396,-0.369447056232573,1.58889039185472
471,-0.256870024503888,-0.0826381093920207,-0.0185929236905019,-0.831061728043493
472,-0.161911978417453,0.892208145738243,0.0614157209663286,-0.282848186510278
473,-0.0310899579062173,-0.479845906303085,-0.0210057122807647,0.159885515903792
474,0.511337231567381,1.28731743677997,0.360012591091248,1.13707882760531
475,0.273759430056719,0.147404427439005,0.187071286835211,0.20347199131085
476,0.19004656618632,-1.06690645121675,0.407523313120532,-1.09451036881276
477,0.307585333933862,1.98519265036608,-0.124924716134622,1.49935125567337
478,0.165113266448857,-1.84735614150468,0.509946817220562,-1.35440423991647
479,0.456388394001871,1.26057469937997,0.648978836115,0.912013822141117
480,0.205076826487345,1.15825941874324,0.185788267422807,1.1080413223676
481,0.151491515380469,1.99991484680136,-0.34568461559783,1.20232204812682
482,0.168413904678332,0.928237677458862,0.121922601862781,0.777306107129558
483,0.370041139854467,-0.230836066165075,-0.0730460334543861,-0.420705515867436
484,-0.0832755148383697,0.231724671759204,0.145717369847456,0.313557310428715
485,-0.124347049062936,-0.781495324722917,0.270135194019873,-1.48962208379365
486,0.962566007319628,1.41156317202467,0.156246408935947,0.688344701596263
487,-0.533464897640993,-1.73860237632884,-0.156899586824479,-1.39910950452374
488,0.306109271759898,-0.783377034946682,0.210619723293911,-0.825192791108668
489,0.343070682256477,0.122518641226096,0.139257289050327,0.661507905946882
490,0.0118277702085168,-1.92629454271532,0.706343669842795,-1.40250873925313
491,0.431187213095498,0.128836896170153,0.294626099843661,0.169120852555594
492,1.33749893474153,-0.285502710000381,1.69220168162491,-1.78333188100289
493,-0.22078212866988,-0.523379820142235,0.159962325574266,-0.167498459687912
494,0.17982685134,-0.287794914852498,-0.0670048577930866,0.267915860538534
495,0.156380894536434,0.234299430460255,0.129250045274589,-0.626325995922339
496,0.622341529033979,1.2723158690487,-0.0209740922822227,1.96873407608329
497,0.579057083926767,0.47323742710237,0.61969159355322,0.296937992290918
498,0.485082516783105,0.797731022195818,0.173365135374653,0.67364813905286
499,0.577403438556253,0.977950012560529,0.266212967388192,0.764105118316117
500,0.366993220655536,-0.157021552343977,0.43250548007632,0.131539657666745
